"1","twoSum"
"2","ListNode"
"3","lengthOfLongestSubstring"
"4","findMedianSortedArrays"
"5","longestPalindrome"
"6","convert"
"7","reverse"
"8","myAtoi"
"9","isPalindrome"
"10","isMatch"
"11","maxArea"
"12","intToRoman"
"13","romanToInt"
"14","longestCommonPrefix"
"15","threeSum"
"16","threeSumClosest"
"17","letterCombinations"
"18","fourSum"
"19","ListNode"
"20","isValid"
"21","ListNode"
"22","generateParenthesis"
"23","ListNode"
"24","ListNode"
"25","ListNode"
"26","removeDuplicates"
"27","removeElement"
"28","strStr"
"29","divide"
"30","findSubstring"
"31","nextPermutation"
"32","longestValidParentheses"
"33","search"
"34","searchRange"
"35","searchInsert"
"36","isValidSudoku"
"37","solveSudoku"
"38","countAndSay"
"39","combinationSum"
"40","combinationSum2"
"41","firstMissingPositive"
"42","trap"
"43","multiply"
"44","isMatch"
"45","jump"
"46","permute"
"47","permuteUnique"
"48","rotate"
"49","groupAnagrams"
"50","myPow"
"51","solveNQueens"
"52","totalNQueens"
"53","maxSubArray"
"54","spiralOrder"
"55","canJump"
"56","merge"
"57","intervals"
"58","lengthOfLastWord"
"59","generateMatrix"
"60","getPermutation"
"61","ListNode"
"62","uniquePaths"
"63","uniquePathsWithObstacles"
"64","minPathSum"
"65","isNumber"
"66","plusOne"
"67","addBinary"
"68","fullJustify"
"69","mySqrt"
"70","climbStairs"
"71","simplifyPath"
"72","minDistance"
"73","setZeroes"
"74","searchMatrix"
"75","sortColors"
"76","minWindow"
"77","combine"
"78","subsets"
"79","exist"
"80","removeDuplicates"
"81","search"
"82","ListNode"
"83","ListNode"
"84","largestRectangleArea"
"85","maximalRectangle"
"86","ListNode"
"87","isScramble"
"88","merge"
"89","grayCode"
"90","subsetsWithDup"
"91","numDecodings"
"92","reverseBetween"
"93","restoreIpAddresses"
"94","TreeNode"
"95","TreeNode"
"96","numTrees"
"97","isInterleave"
"98","TreeNode"
"99","TreeNode"
"100","TreeNode"
"101","TreeNode"
"102","TreeNode"
"103","zigzagLevelOrder"
"104","TreeNode"
"105","TreeNode"
"106","buildTree"
"107","TreeNode"
"108","TreeNode"
"109","ListNode"
"110","TreeNode"
"111","minDepth"
"112","TreeNode"
"113","TreeNode"
"114","TreeNode"
"115","numDistinct"
"116","Node"
"117","Node"
"118","generate"
"119","getRow"
"120","minimumTotal"
"121","maxProfit"
"122","maxProfit"
"123","maxProfit"
"124","TreeNode"
"125","isPalindrome"
"126","findLadders"
"127","ladderLength"
"128","longestConsecutive"
"129","TreeNode"
"130","solve"
"131","partition"
"132","minCut"
"133","Node"
"134","canCompleteCircuit"
"135","candy"
"136","singleNumber"
"137","singleNumber"
"138","Node"
"139","wordBreak"
"140","wordBreak"
"141","ListNode"
"142","ListNode"
"143","ListNode"
"144","TreeNode"
"145","TreeNode"
"146","LRUCache"
"147","ListNode"
"148","sortList"
"149","maxPoints"
"150","evalRPN"
"151","reverseWords"
"152","maxProduct"
"153","findMin"
"154","findMin"
"155","MinStack"
"160","ListNode"
"162","findPeakElement"
"164","maximumGap"
"165","compareVersion"
"166","fractionToDecimal"
"167","twoSum"
"168","convertToTitle"
"169","majorityElement"
"171","titleToNumber"
"172","trailingZeroes"
"173","TreeNode"
"174","calculateMinimumHP"
"179","largestNumber"
"187","findRepeatedDnaSequences"
"188","maxProfit"
"189","rotate"
"190","reverseBits"
"191","hammingWeight"
"198","rob"
"199","TreeNode"
"200","numIslands"
"201","rangeBitwiseAnd"
"202","isHappy"
"203","ListNode"
"204","countPrimes"
"205","isIsomorphic"
"206","ListNode"
"207","canFinish"
"208","Trie"
"209","minSubArrayLen"
"210","findOrder"
"211","WordDictionary"
"212","findWords"
"213","rob"
"214","shortestPalindrome"
"215","findKthLargest"
"216","combinationSum3"
"217","containsDuplicate"
"218","getSkyline"
"219",\N
"220",\N
"221","maximalSquare"
"222","TreeNode"
"223","computeArea"
"224","calculate"
"225","MyStack"
"226","TreeNode"
"227","calculate"
"228",\N
"229",\N
"230","TreeNode"
"231",\N
"232","MyQueue"
"233","countDigitOne"
"234","ListNode"
"235","TreeNode"
"236","TreeNode"
"237","ListNode"
"238",\N
"239",\N
"240","searchMatrix"
"241","diffWaysToCompute"
"242","isAnagram"
"257","TreeNode"
"258","addDigits"
"260","singleNumber"
"263","isUgly"
"264","nthUglyNumber"
"268","missingNumber"
"273","numberToWords"
"274","hIndex"
"275","hIndex"
"278","isBadVersion"
"279","numSquares"
"282","addOperators"
"283","moveZeroes"
"284","Iterator"
"287","findDuplicate"
"289","gameOfLife"
"290","wordPattern"
"292","canWinNim"
"295","MedianFinder"
"297","TreeNode"
"299","getHint"
"300","lengthOfLIS"
"301","removeInvalidParentheses"
"303","NumArray"
"304","NumMatrix"
"306","isAdditiveNumber"
"307","NumArray"
"309","maxProfit"
"310","findMinHeightTrees"
"312","maxCoins"
"313","nthSuperUglyNumber"
"315","countSmaller"
"316","removeDuplicateLetters"
"318","maxProduct"
"319","bulbSwitch"
"321","maxNumber"
"322","coinChange"
"324","wiggleSort"
"326","isPowerOfThree"
"327","countRangeSum"
"328","ListNode"
"329","longestIncreasingPath"
"330","minPatches"
"331","isValidSerialization"
"332","findItinerary"
"334","increasingTriplet"
"335","isSelfCrossing"
"336","palindromePairs"
"337","TreeNode"
"338","countBits"
"341","isInteger"
"342","isPowerOfFour"
"343","integerBreak"
"344","reverseString"
"345","reverseVowels"
"347","topKFrequent"
"349","intersection"
"350","intersect"
"352","SummaryRanges"
"354","maxEnvelopes"
"355","Twitter"
"357","countNumbersWithUniqueDigits"
"363","maxSumSubmatrix"
"365","canMeasureWater"
"367","isPerfectSquare"
"368","largestDivisibleSubset"
"371","getSum"
"372","superPow"
"373","kSmallestPairs"
"374","guess"
"375","getMoneyAmount"
"376","wiggleMaxLength"
"377","combinationSum4"
"378","kthSmallest"
"380","RandomizedSet"
"381","RandomizedCollection"
"382","ListNode"
"383","canConstruct"
"384","Solution"
"385","NestedInteger"
"386","lexicalOrder"
"387","firstUniqChar"
"388","lengthLongestPath"
"389","findTheDifference"
"390","lastRemaining"
"391","isRectangleCover"
"392","isSubsequence"
"393","validUtf8"
"394","decodeString"
"395","longestSubstring"
"396","maxRotateFunction"
"397","integerReplacement"
"398","Solution"
"399","calcEquation"
"400","findNthDigit"
"401","readBinaryWatch"
"402","removeKdigits"
"403","canCross"
"404","TreeNode"
"405","toHex"
"406","reconstructQueue"
"407","trapRainWater"
"409","longestPalindrome"
"410","splitArray"
"412","fizzBuzz"
"413","numberOfArithmeticSlices"
"414","thirdMax"
"415","addStrings"
"416","canPartition"
"417","pacificAtlantic"
"419","countBattleships"
"420","strongPasswordChecker"
"421","findMaximumXOR"
"423","originalDigits"
"424","characterReplacement"
"432","AllOne"
"433","minMutation"
"434","countSegments"
"435","eraseOverlapIntervals"
"436","findRightInterval"
"437","TreeNode"
"438","findAnagrams"
"440","findKthNumber"
"441","arrangeCoins"
"442","findDuplicates"
"443","compress"
"445","ListNode"
"446","numberOfArithmeticSlices"
"447","numberOfBoomerangs"
"448","findDisappearedNumbers"
"449","TreeNode"
"450","TreeNode"
"451","frequencySort"
"452","findMinArrowShots"
"453","minMoves"
"454","fourSumCount"
"455","findContentChildren"
"456","find132pattern"
"457","circularArrayLoop"
"458","poorPigs"
"459","repeatedSubstringPattern"
"460","LFUCache"
"461","hammingDistance"
"462","minMoves2"
"463","islandPerimeter"
"464","canIWin"
"466","getMaxRepetitions"
"467","findSubstringInWraproundString"
"468","validIPAddress"
"472","findAllConcatenatedWordsInADict"
"473","makesquare"
"474","findMaxForm"
"475","findRadius"
"476","findComplement"
"477","totalHammingDistance"
"479","largestPalindrome"
"480",\N
"481","magicalString"
"482","licenseKeyFormatting"
"483","smallestGoodBase"
"485","findMaxConsecutiveOnes"
"486","PredictTheWinner"
"488",\N
"489","kthSmallestPath"
"491",\N
"492","constructRectangle"
"493","reversePairs"
"494","findTargetSumWays"
"495","findPoisonedDuration"
"496",\N
"498",\N
"500","findWords"
"501","TreeNode"
"502",\N
"503","nextGreaterElements"
"504","convertToBase7"
"506",\N
"507",\N
"508","TreeNode"
"513","TreeNode"
"514","findRotateSteps"
"515","TreeNode"
"516","longestPalindromeSubseq"
"517","findMinMoves"
"518","change"
"520","detectCapitalUse"
"521","findLUSlength"
"522","findLUSlength"
"523","checkSubarraySum"
"524","findLongestWord"
"525","findMaxLength"
"526","countArrangement"
"528","ListNode"
"529","updateBoard"
"530","TreeNode"
"532","findPairs"
"535","encode"
"537","complexNumberMultiply"
"538","TreeNode"
"539","findMinDifference"
"540","singleNonDuplicate"
"541","reverseStr"
"542","updateMatrix"
"543","TreeNode"
"546","removeBoxes"
"547","findCircleNum"
"551","checkRecord"
"552","checkRecord"
"553","optimalDivision"
"554","leastBricks"
"556","nextGreaterElement"
"557","reverseWords"
"560","subarraySum"
"561","arrayPairSum"
"563","TreeNode"
"564","nearestPalindromic"
"565","arrayNesting"
"566","matrixReshape"
"567","checkInclusion"
"572","TreeNode"
"575","distributeCandies"
"576","findPaths"
"581","findUnsortedSubarray"
"583","minDistance"
"587","outerTrees"
"591","isValid"
"592","fractionAddition"
"593","validSquare"
"594","findLHS"
"598","maxCount"
"599","findRestaurant"
"600","findIntegers"
"605","canPlaceFlowers"
"606","TreeNode"
"609","findDuplicate"
"611","triangleNumber"
"617","TreeNode"
"621","leastInterval"
"623","TreeNode"
"628","maximumProduct"
"629","kInversePairs"
"630","scheduleCourse"
"632","smallestRange"
"633","judgeSquareSum"
"636","exclusiveTime"
"637","TreeNode"
"638","shoppingOffers"
"639","numDecodings"
"640","solveEquation"
"643","findMaxAverage"
"645","findErrorNums"
"646","findLongestChain"
"647","countSubstrings"
"648","replaceWords"
"649","predictPartyVictory"
"650","minSteps"
"652","TreeNode"
"653","TreeNode"
"654","TreeNode"
"655","TreeNode"
"657","judgeCircle"
"658","findClosestElements"
"659","isPossible"
"661","imageSmoother"
"662","TreeNode"
"664","strangePrinter"
"665","checkPossibility"
"667","constructArray"
"668","findKthNumber"
"669","TreeNode"
"670","maximumSwap"
"671","TreeNode"
"672","flipLights"
"673","findNumberOfLIS"
"674","findLengthOfLCIS"
"675","cutOffTree"
"676","MagicDictionary"
"677","MapSum"
"678","checkValidString"
"679","judgePoint24"
"680","validPalindrome"
"682","calPoints"
"684","findRedundantConnection"
"685","findRedundantDirectedConnection"
"686","repeatedStringMatch"
"687","TreeNode"
"688","knightProbability"
"689","maxSumOfThreeSubarrays"
"690","getImportance"
"691","minStickers"
"692","topKFrequent"
"693","hasAlternatingBits"
"695","maxAreaOfIsland"
"696","countBinarySubstrings"
"697","findShortestSubArray"
"698","canPartitionKSubsets"
"699","fallingSquares"
"712","minimumDeleteSum"
"713","numSubarrayProductLessThanK"
"714","maxProfit"
"715","RangeModule"
"717","isOneBitCharacter"
"718","findLength"
"719","smallestDistancePair"
"720","longestWord"
"721","accountsMerge"
"722","removeComments"
"724","pivotIndex"
"725","ListNode"
"726","countOfAtoms"
"728","selfDividingNumbers"
"729","MyCalendar"
"730","countPalindromicSubsequences"
"731","MyCalendarTwo"
"732","MyCalendarThree"
"733",\N
"735",\N
"736","evaluate"
"738","monotoneIncreasingDigits"
"739",\N
"740","deleteAndEarn"
"741","cherryPickup"
"742","toLowerCase"
"744",\N
"745","nextGreatestLetter"
"746","WordFilter"
"747","minCostClimbingStairs"
"748","dominantIndex"
"749",\N
"750","containVirus"
"753","openLock"
"754",\N
"755","reachNumber"
"757","pyramidTransition"
"759",\N
"763","makeLargestSpecial"
"764","Node"
"766","flatten"
"767","countPrimeSetBits"
"768","partitionLabels"
"769","orderOfLargestPlusSign"
"770","minSwapsCouples"
"772","Node"
"773","Node"
"774","maxDepth"
"775","Node"
"776","Node"
"777","isToeplitzMatrix"
"778","reorganizeString"
"779","maxChunksToSorted"
"780","maxChunksToSorted"
"781","basicCalculatorIV"
"782","numJewelsInStones"
"783","TreeNode"
"784","TreeNode"
"787","slidingPuzzle"
"789","KthLargest"
"790","isIdealPermutation"
"792","search"
"793","canTransform"
"794","swimInWater"
"795","kthGrammar"
"796","reachingPoints"
"797","numRabbits"
"798","movesToChessboard"
"799","TreeNode"
"800","letterCasePermutation"
"801","isBipartite"
"802","kthSmallestPrimeFraction"
"803","findCheapestPrice"
"804","rotatedDigits"
"805","escapeGhosts"
"806","numTilings"
"807","customSortString"
"808","numMatchingSubseq"
"809","preimageSizeFZF"
"810","validTicTacToe"
"811","numSubarrayBoundedMax"
"812","rotateString"
"813","allPathsSourceTarget"
"814","bestRotation"
"815","champagneTower"
"816","MyHashSet"
"817","MyHashMap"
"819","minSwap"
"820","eventualSafeNodes"
"821","hitBricks"
"822","uniqueMorseRepresentations"
"823","splitArraySameAverage"
"824","numberOfLines"
"825","maxIncreaseKeepingSkyline"
"826","soupServings"
"827","expressiveWords"
"828","xorGame"
"829","subdomainVisits"
"830","largestTriangleArea"
"831","largestSumOfAverages"
"832","TreeNode"
"833","numBusesToDestination"
"834","ambiguousCoordinates"
"835","ListNode"
"836","racecar"
"837","mostCommonWord"
"838","MyLinkedList"
"839","minimumLengthEncoding"
"841","shortestToChar"
"842","flipgame"
"843","numFactoredBinaryTrees"
"851","toGoatLatin"
"852","numFriendRequests"
"853","maxProfitAssignment"
"854","largestIsland"
"855","uniqueLetterString"
"856","consecutiveNumbersSum"
"857","largeGroupPositions"
"858","maskPII"
"859","MyCircularDeque"
"860","MyCircularQueue"
"861","flipAndInvertImage"
"862","findReplaceString"
"863","sumOfDistancesInTree"
"864","largestOverlap"
"866","isRectangleOverlap"
"867","new21Game"
"868","pushDominoes"
"869","numSimilarGroups"
"870","numMagicSquaresInside"
"871","canVisitAllRooms"
"872","splitIntoFibonacci"
"873","guess"
"874","backspaceCompare"
"875","longestMountain"
"876","isNStraightHand"
"877","shortestPathLength"
"878","shiftingLetters"
"879","maxDistToClosest"
"880","rectangleArea"
"881","loudAndRich"
"882","peakIndexInMountainArray"
"883","carFleet"
"884","kSimilarity"
"885","ExamRoom"
"886","scoreOfParentheses"
"887","mincostToHireWorkers"
"888","mirrorReflection"
"889","buddyStrings"
"890","lemonadeChange"
"891","matrixScore"
"892","shortestSubarray"
"893","TreeNode"
"894","Solution"
"895","shortestPathAllKeys"
"896","TreeNode"
"897","primePalindrome"
"898","transpose"
"899","binaryGap"
"900","reorderedPowerOf2"
"901","advantageCount"
"902","minRefuelStops"
"903","rand10"
"904","TreeNode"
"905","lenLongestFibSubseq"
"906","robotSim"
"907","minEatingSpeed"
"908","middleNode"
"909","stoneGame"
"910","nthMagicalNumber"
"911","profitableSchemes"
"912","Solution"
"913","Solution"
"914","Solution"
"915","randPoint"
"916","decodeAtIndex"
"917","numRescueBoats"
"918","reachableNodes"
"919","projectionArea"
"920","uncommonFromSentences"
"921","spiralMatrixIII"
"922","possibleBipartition"
"923","superEggDrop"
"924","fairCandySwap"
"925","TreeNode"
"926","findAndReplacePattern"
"927","sumSubseqWidths"
"928","surfaceArea"
"929","numSpecialEquivGroups"
"930","TreeNode"
"931","FreqStack"
"932","isMonotonic"
"933","TreeNode"
"934","subarrayBitwiseORs"
"935","orderlyQueue"
"936","RLEIterator"
"937","StockSpanner"
"938","atMostNGivenDigitSet"
"939","numPermsDISequence"
"940","totalFruit"
"941","sortArrayByParity"
"942","superpalindromesInRange"
"943","superpalindromesInRange"
"944","smallestRangeI"
"945","snakesAndLadders"
"946","smallestRangeII"
"947","TopVotedCandidate"
"948","sortArray"
"949","catMouseGame"
"950","hasGroupsSizeX"
"951","partitionDisjoint"
"952","wordSubsets"
"953","reverseOnlyLetters"
"954","maxSubarraySumCircular"
"955","TreeNode"
"956","numMusicPlaylists"
"957","minAddToMakeValid"
"958","sortArrayByParityII"
"959","threeSumMulti"
"960","minMalwareSpread"
"961","isLongPressedName"
"962","minFlipsMonoIncr"
"963","threeEqualParts"
"964","minMalwareSpread"
"965","numUniqueEmails"
"966","numSubarraysWithSum"
"967","minFallingPathSum"
"968","beautifulArray"
"969","RecentCounter"
"971","shortestBridge"
"972","knightDialer"
"973","movesToStamp"
"974","reorderLogFiles"
"975","rangeSumBST"
"976","minAreaRect"
"977","distinctSubseqII"
"978","validMountainArray"
"979","diStringMatch"
"980","shortestSuperstring"
"981","minDeletionSize"
"982","minIncrementForUnique"
"983","validateStackSequences"
"984","removeStones"
"985","bagOfTokensScore"
"986",\N
"987",\N
"988","TreeNode"
"989","largestComponentSize"
"990",\N
"991","canReorderDoubled"
"992","minDeletionSize"
"993","tallestBillboard"
"994",\N
"998",\N
"999","regionsBySlashes"
"1000","minDeletionSize"
"1001","repeatedNTimes"
"1002","maxWidthRamp"
"1003",\N
"1004","leastOpsExpressTarget"
"1005",\N
"1006",\N
"1007","numsSameConsecDiff"
"1008","TreeNode"
"1009","pancakeSort"
"1010","powerfulIntegers"
"1011","TreeNode"
"1012","isRationalEqual"
"1013",\N
"1014","kClosest"
"1016","subarraysDivByK"
"1017",\N
"1018","largestPerimeter"
"1019","sortedSquares"
"1020","maxTurbulenceSize"
"1021","TreeNode"
"1022","uniquePathsIII"
"1023","TimeMap"
"1024","countTriplets"
"1025","mincostTickets"
"1026","strWithout3a3b"
"1027","sumEvenAfterQueries"
"1028","intervalIntersection"
"1029","TreeNode"
"1030","TreeNode"
"1031","addToArrayForm"
"1032","equationsPossible"
"1033","brokenCalc"
"1034","subarraysWithKDistinct"
"1035","TreeNode"
"1036","orangesRotting"
"1037","minKBitFlips"
"1038","numSquarefulPerms"
"1039","findJudge"
"1040","TreeNode"
"1041","numRookCaptures"
"1042","mergeStones"
"1043","gridIllumination"
"1044","commonChars"
"1045","isValid"
"1046","longestOnes"
"1047","largestSumAfterKNegations"
"1048","clumsy"
"1049","minDominoRotations"
"1050","TreeNode"
"1054","bitwiseComplement"
"1055","numPairsDivisibleBy60"
"1056","shipWithinDays"
"1057","numDupDigitsAtMostN"
"1058","smallestEquivalentString"
"1062","canThreePartsEqualSum"
"1063","maxScoreSightseeingPair"
"1064","smallestRepunitDivByK"
"1065","queryString"
"1070","baseNeg2"
"1071","prefixesDivBy5"
"1072","ListNode"
"1073","numEnclaves"
"1078","removeOuterParentheses"
"1079","TreeNode"
"1080","camelMatch"
"1081","videoStitching"
"1086","divisorGame"
"1087","longestArithSeqLength"
"1092","TreeNode"
"1093","TreeNode"
"1094","allCellsDistOrder"
"1095","twoCitySchedCost"
"1096","maxSumTwoNoOverlap"
"1097","StreamChecker"
"1103","numMovesStones"
"1104","colorBorder"
"1105","maxUncrossedLines"
"1106","isEscapePossible"
"1111","minScoreTriangulation"
"1112","countCharacters"
"1113","numMovesStonesII"
"1114","TreeNode"
"1115","isBoomerang"
"1116","TreeNode"
"1117","maxDistance"
"1119","isRobotBounded"
"1120","gardenNoAdj"
"1121","maxSumAfterPartitioning"
"1122","longestDupSubstring"
"1127","lastStoneWeight"
"1128","removeDuplicates"
"1129","longestStrChain"
"1130","lastStoneWeightII"
"1133","lastSubstring"
"1137","heightChecker"
"1138","maxSatisfied"
"1139","prevPermOpt1"
"1140","rearrangeBarcodes"
"1145","numSubmatrixSumTarget"
"1146","gcdOfStrings"
"1147","maxEqualRowsAfterFlips"
"1148","addNegabinary"
"1156","findOcurrences"
"1157","TreeNode"
"1159","smallestSubsequence"
"1160","numTilePossibilities"
"1168","duplicateZeros"
"1169","largestValsFromLabels"
"1170","shortestCommonSupersequence"
"1171","shortestPathBinaryMatrix"
"1183","sampleStats"
"1184","carPooling"
"1185","findInMountainArray"
"1188","braceExpansionII"
"1194","pathInZigZagTree"
"1195","distributeCandies"
"1196","minHeightShelves"
"1197","parseBoolExpr"
"1205","defangIPaddr"
"1206","corpFlightBookings"
"1207","delNodes"
"1208","maxDepthAfterSplit"
"1210","trimMean"
"1211","CombinationIterator"
"1212","sequentialDigits"
"1217","relativeSortArray"
"1218","TreeNode"
"1219","longestWPI"
"1220","smallestSufficientTeam"
"1221","findSpecialInteger"
"1222","removeCoveredIntervals"
"1223","areConnected"
"1224","minFallingPathSum"
"1227","numEquivDominoPairs"
"1228","mctFromLeafValues"
"1229","shortestAlternatingPaths"
"1230","maxAbsValExpr"
"1231","replaceElements"
"1232","findBestValue"
"1234","pathsWithMaxScore"
"1236","tribonacci"
"1238","alphabetBoardPath"
"1239","largest1BorderedSquare"
"1240","stoneGameII"
"1241","decompressRLElist"
"1242",\N
"1243","TreeNode"
"1244","distinctEchoSubstrings"
"1247",\N
"1248","TreeNode"
"1249",\N
"1250","longestCommonSubsequence"
"1251","longestDecomposition"
"1252","breakPalindrome"
"1253",\N
"1254","TreeNode"
"1255","maxValueAfterReverse"
"1256",\N
"1257",\N
"1260","dayOfYear"
"1261","maxRepOpt1"
"1262","MajorityChecker"
"1263",\N
"1264","canBeTypedWords"
"1267","ListNode"
"1270","DinnerPlates"
"1272",\N
"1273",\N
"1274","daysBetweenDates"
"1275","validateBinaryTreeNodes"
"1276","closestDivisors"
"1277",\N
"1279","numPrimeArrangements"
"1281","canMakePaliQueries"
"1282","findNumOfValidWords"
"1283","reformatDate"
"1284","sumFourDivisors"
"1285","TreeNode"
"1286","constrainedSubsetSum"
"1287","distanceBetweenBusStops"
"1288","maximumSum"
"1289","dayOfTheWeek"
"1290","makeArrayIncreasing"
"1293","threeConsecutiveOdds"
"1294","RangeFreqQuery"
"1295","minimumPerimeter"
"1296","TreeAncestor"
"1297","maxNumberOfBalloons"
"1298","reverseParentheses"
"1299","kConcatenationMaxSum"
"1300","criticalConnections"
"1302","makeFancyString"
"1303","minMoves"
"1304","longestDiverseString"
"1305","canSeePersonsCount"
"1306","minimumAbsDifference"
"1307","nthUglyNumber"
"1308","smallestStringWithSwaps"
"1309","sortItems"
"1310","wateringPlants"
"1311","largestMagicSquare"
"1312","digArtifacts"
"1313","waysToBuildRooms"
"1319","uniqueOccurrences"
"1320","removeDuplicates"
"1321","equalSubstring"
"1322","minimumMoves"
"1324","findBall"
"1325","maxProbability"
"1326","sumOfFlooredPairs"
"1329","minCostToMoveChips"
"1330","longestSubsequence"
"1331","getMaximumGold"
"1332","countVowelPermutation"
"1333","sortJumbled"
"1334","minimumNumbers"
"1335","maximumCandies"
"1336","maxProduct"
"1337","Skiplist"
"1341","balancedStringSplit"
"1342","queensAttacktheKing"
"1343","dieSimulator"
"1344","maxEqualFreq"
"1346","maximumTop"
"1348","maximumsSplicedArray"
"1349","checkStraightLine"
"1350","removeSubfolders"
"1351","balancedString"
"1352","jobScheduling"
"1353","removeAnagrams"
"1354","findWinners"
"1355","minDeletion"
"1356","minMovesToMakePalindrome"
"1358","f"
"1359","circularPermutation"
"1360","maxLength"
"1361","tilingRectangle"
"1362","nthPersonGetsNthSeat"
"1363","greatestLetter"
"1364","tupleSameProduct"
"1367","maxHeight"
"1369","minimumSwap"
"1370","numberOfSubarrays"
"1371","minRemoveToMakeValid"
"1372","isGoodArray"
"1375","kthPalindrome"
"1376","sellingWood"
"1378","oddCells"
"1379","reconstructMatrix"
"1380","closedIsland"
"1381","maxScoreWords"
"1382","calculateTax"
"1386","shiftGrid"
"1387","TreeNode"
"1388","maxSumDivThree"
"1389","minPushBox"
"1392","findDifference"
"1393","maxValueOfCoins"
"1394","minPathCost"
"1395","minTimeToVisitAllPoints"
"1396","countServers"
"1397","suggestedProducts"
"1398","numWays"
"1400","tictactoe"
"1401","numOfBurgers"
"1402","countSquares"
"1403","palindromePartition"
"1406","subtractProductAndSum"
"1407","groupThePeople"
"1408","smallestDivisor"
"1409","minFlips"
"1411","ListNode"
"1413","maxSideLength"
"1414","shortestPath"
"1418","distributeCookies"
"1421","findNumbers"
"1422","isPossibleDivide"
"1423","maxFreq"
"1424","maxCandies"
"1426","sumZero"
"1427","TreeNode"
"1428","canReach"
"1429","isSolvable"
"1430","divisorSubstrings"
"1431","getAncestors"
"1433","Encrypter"
"1434","freqAlphabets"
"1435","xorQueries"
"1436","watchedVideos"
"1437","minInsertions"
"1440","getNoZeroIntegers"
"1441","minFlips"
"1442","makeConnected"
"1443","minimumDistance"
"1444","numberOfSteps"
"1445","numOfSubarrays"
"1446","angleClock"
"1447","minJumps"
"1448","maximum69Number"
"1449","printVertically"
"1450","TreeNode"
"1451","minTaps"
"1454","removePalindromeSub"
"1455","filterRestaurants"
"1456","findTheCity"
"1457","minDifficulty"
"1458","sortByBits"
"1459","Cashier"
"1460","numberOfSubstrings"
"1461","countOrders"
"1463","kWeakestRows"
"1464","minSetSize"
"1465","maxProduct"
"1466","maxJumps"
"1468","checkIfExist"
"1469","minSteps"
"1470","TweetCounts"
"1471","maxStudents"
"1472","sortString"
"1473","findTheLongestSubstring"
"1474","TreeNode"
"1475","TreeNode"
"1476","countNegatives"
"1477","ProductOfNumbers"
"1478","maxEvents"
"1479","isPossible"
"1482","smallerNumbersThanCurrent"
"1483","rankTeams"
"1484","ListNode"
"1485","minCost"
"1486","findTheDistanceValue"
"1487","maxNumberOfFamilies"
"1488","getKth"
"1489","maxSizeSlices"
"1490","generateTheString"
"1491","numTimesAllBlue"
"1492","numOfMinutes"
"1493","frogPosition"
"1496","luckyNumbers"
"1497","CustomStack"
"1498","TreeNode"
"1499","maxPerformance"
"1500",\N
"1501","checkOverlap"
"1502","canConstruct"
"1503","maxSatisfaction"
"1505",\N
"1507","hasValidPath"
"1508",\N
"1510","findLucky"
"1511","numTeams"
"1512",\N
"1513","findGoodStrings"
"1514","minStartValue"
"1515","findMinFibonacciNumbers"
"1516","getHappyString"
"1517","numberOfArrays"
"1519","minSubsequence"
"1520","numSteps"
"1522","stoneGameIII"
"1524",\N
"1525","processQueries"
"1526","entityParser"
"1527","numOfWays"
"1528",\N
"1529","maxDiff"
"1530","checkIfCanBreak"
"1531",\N
"1532","reformat"
"1533",\N
"1534","minNumberOfFrogs"
"1535","numOfArrays"
"1537","maxScore"
"1538","maxScore"
"1539","findDiagonalOrder"
"1542","maxPower"
"1543","simplifiedFractions"
"1544","TreeNode"
"1545","largestNumber"
"1547","destCity"
"1548","kLengthApart"
"1549","longestSubarray"
"1550","kthSmallest"
"1552","buildArray"
"1553","countTriplets"
"1554","minTime"
"1555","ways"
"1556","canBeEqual"
"1557","hasAllCodes"
"1558","checkIfPrerequisite"
"1559","cherryPickup"
"1560","busyStudent"
"1561","arrangeWords"
"1562","peopleIndexes"
"1563","numPoints"
"1566","isPrefixOfWord"
"1567","maxVowels"
"1568","TreeNode"
"1569","maxDotProduct"
"1570","finalPrices"
"1571","minDistance"
"1572","updateSubrectangle"
"1573","minSumOfLengths"
"1574","maxProduct"
"1575","maxArea"
"1576","minReorder"
"1577","getProbability"
"1580","shuffle"
"1581","getStrongest"
"1582","BrowserHistory"
"1583","minCost"
"1584","average"
"1585","kthFactor"
"1586","longestSubarray"
"1587","minNumberOfSemesters"
"1603","runningSum"
"1604","findLeastNumOfUniqueInts"
"1605","minDays"
"1610","xorOperation"
"1611","getFolderNames"
"1612","avoidFlood"
"1613","findCriticalAndPseudoCriticalEdges"
"1615","rangeSum"
"1616","minDifference"
"1617","winnerSquareGame"
"1619","isPathCrossing"
"1620","canArrange"
"1621","numSubseq"
"1622","findMaxValueOfEquation"
"1626","canMakeArithmeticProgression"
"1627","getLastMoment"
"1628","numSubmat"
"1629","minInteger"
"1630","countOdds"
"1631","numOfSubarrays"
"1632","numSplits"
"1633","minNumberOperations"
"1635","numIdenticalPairs"
"1636","numSub"
"1637","getLengthOfOptimalCompression"
"1638","getMinDistSum"
"1642","numWaterBottles"
"1643","countSubTrees"
"1644","maxNumOfSubstrings"
"1645","closestToTarget"
"1646","findKthPositive"
"1647","canConvertString"
"1648","minInsertions"
"1649","maxNonOverlapping"
"1651","restoreString"
"1652","minFlips"
"1653","TreeNode"
"1656","countGoodTriplets"
"1657","getWinner"
"1658","minSwaps"
"1659","maxSum"
"1660","thousandSeparator"
"1661","findSmallestSetOfVertices"
"1662","minOperations"
"1663","containsCycle"
"1666","makeGood"
"1667","findKthBit"
"1668","longestAwesome"
"1669","minCost"
"1674","minOperations"
"1675","maxDistance"
"1676","minDays"
"1677","diagonalSum"
"1678","numWays"
"1679","findLengthOfShortestSubarray"
"1680","countRoutes"
"1682","mostVisited"
"1683","maxCoins"
"1684","findLatestStep"
"1685","stoneGameV"
"1689","containsPattern"
"1690","getMaxLen"
"1691","minDays"
"1692","numOfWays"
"1693","sumOddLengthSubarrays"
"1694","minSubarray"
"1695","maxSumRangeQuery"
"1696","isPrintable"
"1698","modifyString"
"1699","numTriplets"
"1700","minCost"
"1701","maxNumEdgesToRemove"
"1704","numSpecial"
"1705","unhappyFriends"
"1706","minCostConnectPoints"
"1707","isTransformable"
"1708","ParkingSystem"
"1709","alertNames"
"1710","busiestServers"
"1711","restoreMatrix"
"1714","reorderSpaces"
"1715","maxUniqueSplit"
"1716","maxProductPath"
"1717","connectTwoGroups"
"1720","minOperations"
"1721","minOperationsMaxProfit"
"1722","ThroneInheritance"
"1723","maximumRequests"
"1725","numberOfSets"
"1726","bestCoordinate"
"1727","canMouseWin"
"1728","Fancy"
"1730","specialArray"
"1731","TreeNode"
"1732","minimumOneBitOperations"
"1733","visiblePoints"
"1737","maxDepth"
"1738","maximalNetworkRank"
"1739","checkPalindromeFormation"
"1740","countSubgraphsForEachDiameter"
"1741","frequencySort"
"1742","maxWidthOfVerticalArea"
"1743","countSubstrings"
"1744","numWays"
"1746","maxLengthBetweenEqualCharacters"
"1747","findLexSmallestString"
"1748","bestTeamScore"
"1751","slowestKey"
"1752","checkArithmeticSubarrays"
"1753","minimumEffortPath"
"1755","decrypt"
"1756","minimumDeletions"
"1757","minimumJumps"
"1758","canDistribute"
"1760","canFormArray"
"1761","countVowelStrings"
"1762","furthestBuilding"
"1764",\N
"1765","ListNode"
"1766","minimumMountainRemovals"
"1767",\N
"1769",\N
"1770",\N
"1771","maxProfit"
"1772","createSortedArray"
"1775","OrderedStream"
"1776","minOperations"
"1777","closeStrings"
"1778","getMaxGridHappiness"
"1781",\N
"1782","getSmallestString"
"1783","waysToMakeFair"
"1784","minimumEffort"
"1786","countConsistentStrings"
"1787",\N
"1788","stoneGameVI"
"1789",\N
"1791","maximumWealth"
"1792","mostCompetitive"
"1793","minMoves"
"1794","minimumDeviation"
"1797","interpret"
"1798","maxOperations"
"1799","minimumIncompatibility"
"1800","concatenatedBinary"
"1802","countStudents"
"1803","averageWaitingTime"
"1804","maximumBinaryString"
"1805","minMoves"
"1806","numberOfMatches"
"1807","minPartitions"
"1808","stoneGameVII"
"1812","reformatNumber"
"1813","maximumUniqueSubarray"
"1814","maxResult"
"1815","distanceLimitedPathsExist"
"1817","totalMoney"
"1818","maximumGain"
"1819","constructDistancedSequence"
"1820","checkWays"
"1823","halvesAreAlike"
"1824","eatenApples"
"1825","minimumTimeRequired"
"1826","maximizeXor"
"1829","maximumUnits"
"1830","countPairs"
"1831","waysToSplit"
"1832","minOperations"
"1833","largestAltitude"
"1834","minimumTeachings"
"1835","decode"
"1836","waysToFillArray"
"1839","decode"
"1840","minimumHammingDistance"
"1843","countGoodRectangles"
"1844","countBalls"
"1845","largestSubmatrix"
"1848","sumOfUnique"
"1849","maxAbsoluteSum"
"1850","minimumLength"
"1851","maxValue"
"1858","maximumTime"
"1859","minCharacters"
"1860","kthLargestValue"
"1861","minimumBoxes"
"1866","restoreArray"
"1871","checkPartitioning"
"1872","canEat"
"1873","longestNiceSubstring"
"1874","canChoose"
"1875","getCoprimes"
"1876","highestPeak"
"1878","check"
"1879","maximumScore"
"1880","largestMerge"
"1881","minAbsDifference"
"1884","minOperations"
"1885","countHomogenous"
"1886","minimumSize"
"1887","minTrioDegree"
"1888","nearestValidPoint"
"1889","checkPowersOfThree"
"1890","beautySum"
"1891","countPairs"
"1894","mergeAlternately"
"1895","minOperations"
"1896","maximumScore"
"1897","longestPalindrome"
"1899","countMatches"
"1900","closestCost"
"1901","minOperations"
"1902","getCollisionTimes"
"1904","secondHighest"
"1905","AuthenticationManager"
"1906","maxScore"
"1907","countPairs"
"1910","checkOnesSegment"
"1911","minElements"
"1912","countRestrictedPaths"
"1913","minChanges"
"1915","areAlmostEqual"
"1916","findCenter"
"1917","maxAverageRatio"
"1918","maximumScore"
"1920","squareIsWhite"
"1923","areSentencesSimilar"
"1924","maxHappyGroups"
"1925","countNicePairs"
"1927","maxAscendingSum"
"1928","getNumberOfBacklogOrders"
"1929","maxValue"
"1930","getMaximumConsecutive"
"1933","numDifferentIntegers"
"1934","evaluate"
"1935","reinitializePermutation"
"1936","maxNiceDivisors"
"1938","minOperations"
"1939","countPoints"
"1940","getMaximumXor"
"1941","makeStringSorted"
"1944","truncateSentence"
"1945","findingUsersActiveMinutes"
"1946","minAbsoluteSumDiff"
"1947","countDifferentSubsequenceGCDs"
"1950","arraySign"
"1951","findTheWinner"
"1952","minSideJumps"
"1953","MKAverage"
"1954","replaceDigits"
"1955","SeatManager"
"1956","maximumElementAfterDecrementingAndRearranging"
"1957","closestRoom"
"1960","checkIfPangram"
"1961","maxIceCream"
"1962","getOrder"
"1963","getXORSum"
"1965","sumBase"
"1966","maxFrequency"
"1967","longestBeautifulSubstring"
"1968","maxBuilding"
"1970","sortSentence"
"1971","memLeak"
"1972","rotateTheBox"
"1975","getMinDistance"
"1976","splitString"
"1977","minInterval"
"1978","getMinSwaps"
"1983","maximumPopulation"
"1984","maxDistance"
"1985","maxSumMinProduct"
"1986","largestPathValue"
"1987","countGoodSubstrings"
"1988","minPairSum"
"1989","minimumXORSum"
"1990","getBiggestThree"
"1993","subsetXORSum"
"1994","minSwaps"
"1995","FindSumPairs"
"1996","rearrangeSticks"
"1999","checkZeroOnes"
"2000","minSpeedOnTime"
"2001","canReach"
"2002","stoneGameVIII"
"2005","isCovered"
"2006","chalkReplacer"
"2008","minOperationsToFlip"
"2010","isSumEqual"
"2011","maxValue"
"2012","assignTasks"
"2013","minSkips"
"2015","findRotation"
"2016","reductionOperations"
"2017","minFlips"
"2018","minWastedSpace"
"2020","canBeIncreasing"
"2021","removeOccurrences"
"2022","maxAlternatingSum"
"2023","MovieRentingSystem"
"2025","makeEqual"
"2026","mergeTriplets"
"2027","maximumRemovals"
"2028",\N
"2031",\N
"2032",\N
"2033","numberOfRounds"
"2034",\N
"2035","countSubIslands"
"2037","countTriples"
"2038","nearestExit"
"2039","sumGame"
"2040",\N
"2042","maxProductDifference"
"2043",\N
"2044","wonderfulSubstrings"
"2047",\N
"2048","buildArray"
"2049","eliminateMaximum"
"2050","countGoodNumbers"
"2051","longestCommonSubpath"
"2053","areOccurrencesEqual"
"2054","smallestChair"
"2055","splitPainting"
"2058","getConcatenation"
"2059","countPalindromicSubsequence"
"2060","TreeNode"
"2061","colorTheGrid"
"2066","addRungs"
"2067","maxPoints"
"2068","maxGeneticDifference"
"2076","getLucky"
"2077","maximumNumber"
"2078","maxCompatibilitySum"
"2079","deleteDuplicateFolder"
"2080","checkMove"
"2081","minSpaceWastedKResizing"
"2083","isThree"
"2084","numberOfWeeks"
"2085","rearrangeArray"
"2086","countSpecialSubsequences"
"2088","minTimeToType"
"2089","public class Solution {"
"2090","countPaths"
"2091","numberOfCombinations"
"2093","isPrefixString"
"2094","minStoneSum"
"2095","minSwaps"
"2096","longestObstacleCourseAtEachPosition"
"2099","numOfStrings"
"2100","minNonZeroProduct"
"2101","latestDayToCross"
"2102","findMiddleIndex"
"2103","findFarmland"
"2104","LockingTree"
"2105","numberOfGoodSubsets"
"2106","findGCD"
"2107","findDifferentBinaryString"
"2108","minimizeTheDifference"
"2109","recoverArray"
"2112","minimumDifference"
"2113","kthLargestNumber"
"2114","minSessions"
"2115","numberOfUniqueGoodSubsequences"
"2116","countKDifference"
"2117","findOriginalArray"
"2118","maxTaxiEarnings"
"2119","minOperations"
"2121","validPath"
"2122","countQuadruplets"
"2123","numberOfWeakCharacters"
"2124","firstDayBeenInAllRooms"
"2125","gcdSort"
"2128","reversePrefix"
"2129","interchangeableRectangles"
"2130","maxProduct"
"2131","smallestMissingValueSubtree"
"2132","construct2DArray"
"2133","numOfPairs"
"2134","maxConsecutiveAnswers"
"2135","waysToPartition"
"2137","finalValueAfterOperations"
"2138","sumOfBeauties"
"2139","DetectSquares"
"2140","longestSubsequenceRepeatedK"
"2144","maximumDifference"
"2145","gridGame"
"2146","placeWordInCrossword"
"2147","scoreOfStudents"
"2148","minMovesToSeat"
"2149","winnerOfGame"
"2150","kthSmallestProduct"
"2151","networkBecomesIdle"
"2154","minimumMoves"
"2155","missingRolls"
"2156","stoneGameIX"
"2157","smallestSubsequence"
"2159","twoOutOfThree"
"2160","minOperations"
"2161","StockPrice"
"2162","minimumDifference"
"2163","kthDistinct"
"2164","maxTwoEvents"
"2165","platesBetweenCandles"
"2166","countCombinations"
"2168","areNumbersAscending"
"2169","Bank"
"2170","countMaxOrSubsets"
"2171","secondMinimum"
"2173","countValidWords"
"2174","nextBeautifulNumber"
"2175","countHighestScoreNodes"
"2176","minimumTime"
"2177","checkAlmostEquivalent"
"2178","Robot"
"2179","maximumBeauty"
"2180","maxTaskAssign"
"2181","smallestEqual"
"2182","ListNode"
"2183","minimumOperations"
"2184","possiblyEquals"
"2186","countVowelSubstrings"
"2187","countVowels"
"2188","minimizedMaximum"
"2189","maximalPathQuality"
"2190","countWords"
"2191","minimumBuckets"
"2192","minCost"
"2193","countPyramids"
"2195","timeRequiredToBuy"
"2196","ListNode"
"2197","decodeCiphertext"
"2198","friendRequests"
"2199","maxDistance"
"2200","possibleToStamp"
"2201","validArrangement"
"2202","kMirror"
"2204","maxSubsequence"
"2205","goodDaysToRobBank"
"2206","maximumDetonation"
"2207","SORTracker"
"2210","targetIndices"
"2211","getAverages"
"2212","minimumDeletions"
"2213","findAllPeople"
"2215","findEvenNumbers"
"2216","ListNode"
"2217","TreeNode"
"2219","mostWordsFound"
"2220","findAllRecipes"
"2221","canBeValid"
"2222","abbreviateProduct"
"2226","countPoints"
"2227","subArrayRanges"
"2228","minimumRefill"
"2229","maxTotalFruits"
"2231","firstPalindrome"
"2232","addSpaces"
"2233","getDescentPeriods"
"2234","kIncreasing"
"2235","capitalizeTitle"
"2236","ListNode"
"2237","longestPalindrome"
"2238","isSameAfterReversals"
"2239","executeInstructions"
"2240","getDistances"
"2241","recoverArray"
"2243","checkString"
"2244","numberOfBeams"
"2245","asteroidsDestroyed"
"2246","maximumInvitations"
"2248","minimumCost"
"2249","numberOfArrays"
"2250","highestRankedKItems"
"2251","numberOfWays"
"2254","checkValid"
"2255","minSwaps"
"2256","wordCount"
"2257","earliestFullBloom"
"2260","divideString"
"2261","maxScoreIndices"
"2262","mostPoints"
"2263","maxRunTime"
"2264","minimumSum"
"2265","pivotArray"
"2266","minCostSetTime"
"2267","minimumDifference"
"2269","countElements"
"2270","findLonely"
"2271","rearrangeArray"
"2272","maximumGood"
"2274","findFinalValue"
"2275","subStrHash"
"2276","groupStrings"
"2277","countPairs"
"2278","sumOfThree"
"2279","maximumEvenSplit"
"2280","goodTriplets"
"2283","sortEvenOdd"
"2284",\N
"2285","Bitset"
"2286","minimumTime"
"2288","countOperations"
"2289","minimumOperations"
"2290","minimumRemoval"
"2291","maximumANDSum"
"2292","prefixCount"
"2293","minSteps"
"2294","minimumTime"
"2295",\N
"2298","countEven"
"2299","ListNode"
"2300","repeatLimitedString"
"2301","countPairs"
"2304","cellsInRange"
"2305","minimalKSum"
"2306","TreeNode"
"2307","replaceNonCoprimes"
"2308","divideArray"
"2309","maximumSubsequenceCount"
"2310","halveArray"
"2311","minimumWhiteTiles"
"2312","mostFrequent"
"2316","countHillValley"
"2317","countCollisions"
"2318","maximumBobPoints"
"2319","longestRepeating"
"2320","findKDistantIndices"
"2321","minimumWeight"
"2323","minBitFlips"
"2324","triangularSum"
"2325","numberOfWays"
"2326","sumScores"
"2327","largestInteger"
"2328","minimizeResult"
"2329","maximumProduct"
"2330","maximumBeauty"
"2331","intersection"
"2332","countLatticePoints"
"2333","countRectangles"
"2334","fullBloomFlowers"
"2337","removeDigit"
"2338","minimumCardPickup"
"2339","countDistinct"
"2340","appealSum"
"2341","countPrefixes"
"2342","minimumAverageDifference"
"2343","countUnguarded"
"2344","maximumMinutes"
"2345","convertTime"
"2346","largestGoodInteger"
"2347","TreeNode"
"2348","countTexts"
"2349","hasValidPath"
"2350","findClosestNumber"
"2351","waysToBuyPensPencils"
"2352","ATM"
"2353","maximumScore"
"2355","maxConsecutive"
"2356","largestCombination"
"2357","CountIntervals"
"2358","waysToSplitArray"
"2359","maximumWhiteTiles"
"2360","largestVariance"
"2361","digitSum"
"2362","minimumRounds"
"2363","maxTrailingZeros"
"2364","longestPath"
"2365","percentageLetter"
"2366","maximumBags"
"2367","minimumLines"
"2368","totalStrength"
"2372","rearrangeCharacters"
"2373","discountPrices"
"2374","totalSteps"
"2375","minimumObstacles"
"2377","digitCount"
"2378","largestWordCount"
"2379","maximumImportance"
"2380","BookMyShow"
"2383","sum"
"2384","TreeNode"
"2386","minMaxGame"
"2387","partitionArray"
"2388","arrayChange"
"2389","TextEditor"
"2390","distinctNames"
"2391","strongPasswordCheckerII"
"2392","successfulPairs"
"2393","matchReplacement"
"2394","countSubarrays"
"2395","longestSubsequence"
"2397","countHousePlacements"
"2398","checkXMatrix"
"2400","minimumScore"
"2401","countAsterisks"
"2402","maximumXOR"
"2403","countPairs"
"2404","distinctSequences"
"2406","decodeMessage"
"2408","peopleAwareOfSecret"
"2409","countPaths"
"2411","ListNode"
"2412","fillCups"
"2413","SmallestInfiniteSet"
"2414","canChange"
"2415","idealArrays"
"2416","TreeNode"
"2417","latestTimeCatchTheBus"
"2418","minSumSquareDiff"
"2419","validSubarraySize"
"2421","numberOfPairs"
"2422","smallestTrimmedNumbers"
"2423","minOperations"
"2427","repeatedCharacter"
"2428","equalPairs"
"2429","FoodRatings"
"2430","countExcellentPairs"
"2432","zeroFilledSubarray"
"2433","bestHand"
"2434","NumberContainers"
"2435","shortestSequence"
"2436","minimumOperations"
"2437","maximumGroups"
"2438","closestMeetingNode"
"2439","longestCycle"
"2442","arithmeticTriplets"
"2443","validPartition"
"2444","longestIdealString"
"2445","reachableNodes"
"2447","mergeSimilarItems"
"2448","countBadPairs"
"2449","maximumRobots"
"2450","minimumReplacement"
"2454","largestLocal"
"2455","edgeScore"
"2456","smallestNumber"
"2457","countSpecialNumbers"
"2459","minNumberOfHours"
"2461","TreeNode"
"2462","kSum"
"2463","minimumRecolors"
"2464","secondsToRemoveOccurrences"
"2465","shiftingLetters"
"2466","maximumSegmentSum"
"2469","answerQueries"
"2470","removeStars"
"2471","garbageCollection"
"2472","buildMatrix"
"2473","maximumSum"
"2475","largestPalindromic"
"2476","checkDistances"
"2477","numberOfWays"
"2478","longestNiceSubarray"
"2479","mostBooked"
"2480","findSubarrays"
"2481","isStrictlyPalindromic"
"2482","maximumRows"
"2483","taskSchedulerII"
"2486","mostFrequentEven"
"2487","partitionString"
"2488","minGroups"
"2491","smallestEvenMultiple"
"2492","longestContinuousSubstring"
"2493","TreeNode"
"2494","sumPrefixScores"
"2496","countDaysTogether"
"2497","matchPlayersAndTrainers"
"2498","smallestSubarrays"
"2499","minimumMoney"
"2502","sortPeople"
"2503","longestSubarray"
"2504","goodIndices"
"2505","numberOfGoodPaths"
"2507","commonFactors"
"2508","maxSum"
"2509","minimizeXor"
"2510","deleteString"
"2511","minimumPartition"
"2512","LUPrefix"
"2513","numberOfPairs"
"2518","hardestWorker"
"2519","findArray"
"2520","robotWithString"
"2521","numberOfPaths"
"2524","findMaxK"
"2525","countDistinctIntegers"
"2526","lengthOfLIS"
"2527","countSubarrays"
"2528","countTime"
"2529","productQueries"
"2530","minimizeArrayValue"
"2531","componentValue"
"2532","equalFrequency"
"2533","xorAllNums"
"2536","haveConflict"
"2538","minCost"
"2539","makeSimilar"
"2541","sumOfNumberAndReverse"
"2542","averageValue"
"2543",\N
"2544","makeIntegerBeautiful"
"2545","TreeNode"
"2546","subarrayGCD"
"2547","oddString"
"2548","destroyTargets"
"2549",\N
"2550","twoEditWords"
"2551","applyOperations"
"2552",\N
"2553","totalCost"
"2554",\N
"2556","convertTemperature"
"2557","subarrayLCM"
"2558","TreeNode"
"2559","maxPalindromes"
"2561","distinctAverages"
"2562","countGoodStrings"
"2563","splitMessage"
"2564","mostProfitablePath"
"2566","unequalTriplets"
"2567","TreeNode"
"2568","minimumFuelCost"
"2569","beautifulPartitions"
"2571","pivotInteger"
"2572","appendCharacters"
"2573","ListNode"
"2574","countSubarrays"
"2575","numberOfCuts"
"2576","bestClosingTime"
"2577","countPalindromes"
"2580","isCircularSentence"
"2581","dividePlayers"
"2582","minScore"
"2583","magnificentSets"
"2585","deleteGreatestValue"
"2586","longestSquareStreak"
"2587","Allocator"
"2588","maxPoints"
"2589","maximumValue"
"2590","maxStarSum"
"2591","maxJump"
"2592","minimumTotalCost"
"2594","similarPairs"
"2595","smallestValue"
"2596","isPossible"
"2597","cycleLengthQueries"
"2598","closetTarget"
"2599","takeCharacters"
"2600","maximumTastiness"
"2601","countPartitions"
"2602","captureForts"
"2603","topStudents"
"2604","minOperations"
"2605","countAnagrams"
"2606","onesMinusZeros"
"2608","countDigits"
"2609","distinctPrimeFactors"
"2610","closestPrimes"
"2614","maximumCount"
"2615","isItPossible"
"2616","maxKelements"
"2618","maxPower"
"2619","categorizeBox"
"2620","DataStream"
"2621","xorBeauty"
"2624","differenceOfSum"
"2625","rangeAddQueries"
"2626","countGood"
"2627","maxOutput"
"2628","minimizeSet"
"2630","alternateDigitSum"
"2631","sortTheStudents"
"2632","makeStringsEqual"
"2633","minCost"
"2634","getCommon"
"2635","isReachable"
"2636","maxScore"
"2639","separateDigits"
"2640","maxCount"
"2641","isPossibleToCutPath"
"2642","findCrossingTime"
"2645","passThePillow"
"2646","TreeNode"
"2647","findValidSplit"
"2648","waysToReachTarget"
"2649","coloredCells"
"2650","splitNum"
"2651","countWays"
"2652","rootCount"
"2654","vowelStrings"
"2655","maxScore"
"2656","beautifulSubarrays"
"2657","findMinimumTime"
"2659","evenOddBit"
"2661","findSmallestInteger"
"2662","checkValidGrid"
"2663","distMoney"
"2664","maximizeGreatness"
"2665","repairCars"
"2668","minNumber"
"2669","maximumCostSubstring"
"2670","makeSubKSumEqual"
"2671","findShortestCycle"
"2673","maximizeWin"
"2675","findColumnWidth"
"2676","findPrefixScore"
"2677","TreeNode"
"2678","Graph"
"2679","distinctIntegers"
"2680","monkeyMove"
"2681","putMarbles"
"2682","countQuadruplets"
"2684","isWinner"
"2685","firstCompleteIndex"
"2686","minimumCost"
"2687","smallestBeautifulString"
"2689","minCost"
"2690","minCapability"
"2691","vowelStrings"
"2692","pickGifts"
"2694","maxDivScore"
"2695","findScore"
"2696","beautifulSubsets"
"2697","minimumVisitedCells"
"2698","findTheArrayConcVal"
"2699","countFairPairs"
"2700","substringXorQueries"
"2701","minimumScore"
"2703","handleQuery"
"2704","minMaxDifference"
"2705","minImpossibleOR"
"2706","minimizeSum"
"2707","mergeArrays"
"2708","findTheString"
"2709","squareFreeSubsets"
"2710","minOperations"
"2711","minimumTime"
"2712","maxNumOfMarkedIndices"
"2713","divisibilityArray"
"2714","leftRightDifference"
"2715","kItemsWithMaximumSum"
"2716","primeSubOperation"
"2717","collectTheCoins"
"2718","minOperations"
"2720","minimizeMax"
"2721","distance"
"2722","diagonalPrime"
"2723","findTheLongestBalancedSubstring"
"2724","findMatrix"
"2725","miceAndCheese"
"2726","minReverseOperations"
"2727","countSeniors"
"2728","matrixSum"
"2730","maximumOr"
"2736","addMinimum"
"2737","rowAndMaximumOnes"
"2739","minimumTotalPrice"
"2748","findDelayedArrivalTime"
"2751","getSubarrayBeauty"
"2752","sumOfMultiples"
"2753","minOperations"
"2754","maxStrength"
"2755","minExtraChar"
"2756","buyChoco"
"2764","findMaxFish"
"2765","countOperationsToEmptyArray"
"2766","findThePrefixCommonArray"
"2767","maximizeSum"
"2777","distinctDifferenceArray"
"2778","FrequencyTracker"
"2779","colorTheArray"
"2780","minIncrements"
"2784","sumOfPower"
"2791","circularGameLosers"
"2792","doesValidArrayExist"
"2793","countCompleteComponents"
"2794","maxMoves"
"2800","minLength"
"2801",\N
"2802","punishmentNumber"
"2803",\N
"2816","makeSmallestPalindrome"
"2817","minimumCost"
"2818","maxIncreasingCells"
"2819","removeTrailingZeros"
"2827","canTraverseAllPairs"
